id,stock_code,stock_name,price
2,60310,3S,2455
3,54620,APS홀딩스,11600
4,265520,AP시스템,17050
5,211270,AP위성,8950
6,32790,BNGT,3125
7,13720,CBI,342
8,35760,CJ ENM,76200
9,311690,CJ 바이오사이언스,26650
10,51500,CJ프레시웨이,32250
11,58820,CMG제약,2150
12,23460,CNH,2350
13,56730,CNT85,3100
14,65770,CS,1520
15,83660,CSA 코스믹,1100
16,404950,DB금융스팩10호,2005
17,367340,DB금융스팩8호,2015
18,367360,DB금융스팩9호,2050
19,68790,DMS,4720
20,241520,DSC인베스트먼트,4105
21,245620,EDGC,2065
22,37370,EG,7340
23,50120,ES큐브,4025
24,84180,EV수성,1550
25,214270,FSN,3950
26,130500,GH신소재,3875
27,900290,GRT,2630
28,83450,GST,19900
29,297890,HB솔루션,13600
30,78150,HB테크놀러지,1820
31,195940,HK이노엔,36300
32,28300,HLB,38600
33,67630,HLB생명과학,11950
34,47920,HLB제약,13450
35,115450,HLB테라퓨틱스,12750
36,403870,HPSP,57200
37,36640,HRS,5340
38,351340,IBKS제13호스팩,1960
39,388790,IBKS제16호스팩,2515
40,405350,IBKS제17호스팩,2295
41,424760,IBKS제18호스팩,2050
42,426550,IBKS제19호스팩,2030
43,439730,IBKS제20호스팩,2005
44,95340,ISC,30350
45,99520,ITX-AI,1285
46,950170,JTC,3205
47,67290,JW신약,3395
48,35900,JYP Ent.,55500
49,318000,KBG,6100
50,24840,KBI메탈,1400
51,24120,KB오토시스,3915
52,21320,KCC건설,5850
53,36670,KCI,8650
54,44180,KD,772
55,151860,KG ETS,10650
56,46440,KG모빌리언스,5890
57,35600,KG이니시스,13100
58,226360,KH 건설,372
59,111870,KH 전자,267
60,60720,KH바텍,12100
61,58400,KNN,889
62,114450,KPX생명과학,4040
63,60370,KT서브마린,5430
64,122450,KX,6330
65,52900,KX하이텍,1315
66,108320,LX세미콘,82500
67,86960,MDS테크,5740
68,160550,NEW,5700
69,53290,NE능률,4020
70,104200,NHN벅스,5940
71,60250,NHN한국사이버결제,12700
72,30190,NICE평가정보,13300
73,24940,PN풍년,6930
74,218410,RFHIC,21250
75,327260,RF머트리얼즈,11150
76,91340,S&K폴리텍,3745
77,19550,SBI인베스트먼트,1150
78,950110,SBI핀테크솔루션즈,4030
79,46140,SBS콘텐츠허브,5120
80,151910,SBW생명과학,1240
81,36120,SCI평가정보,4305
82,99220,SDN,2000
83,36540,SFA반도체,4255
84,255220,SG,1325
85,40610,SG&G,1655
86,49470,SGA,675
87,184230,SGA솔루션즈,760
88,16250,SGC이테크건설,35200
89,48550,SM C&C,3195
90,63440,SM Life Design,2225
91,289080,SV인베스트먼트,2175
92,89230,THE E&M,369
93,161570,THE MIDONG,1005
94,32540,TJ미디어,5210
95,22220,TKG애강,1475
96,48770,TPC,3395
97,246690,TS인베스트먼트,1820
98,317240,TS트릴리온,655
99,38340,UCI,1335
100,73570,WI,2890
101,57030,YBM넷,3655
102,40300,YTN,5880
103,51390,YW,3395
104,52220,iMBC,3875
105,79940,가비아,10200
106,78890,가온미디어,6020
107,399720,가온칩스,19850
108,36620,감성코퍼레이션,1485
109,217730,강스템바이오텍,2860
110,114190,강원에너지,7620
111,94480,갤럭시아머니트리,5170
112,39240,경남스틸,3065
113,53950,경남제약,1855
114,11040,경동제약,7370
115,24910,경창산업,1970
116,198440,고려시멘트,2700
117,49720,고려신용정보,12250
118,14570,고려제약,7120
119,348150,고바이오랩,11450
120,98460,고영,11850
121,35290,골드앤에스,4570
122,38530,골드퍼시픽,455
123,900280,골든센츄리,575
124,215000,골프존,112600
125,121440,골프존뉴딘홀딩스,5430
126,366030,공구우먼,9260
127,14200,광림,1205
128,29480,광무,3450
129,26910,광진실업,5270
130,355150,교보10호스팩,2400
131,397880,교보11호스팩,2030
132,421800,교보12호스팩,2010
133,440790,교보13호스팩,1975
134,53270,구영테크,2525
135,66620,국보디자인,17850
136,43650,국순당,6650
137,6050,국영지앤엠,1295
138,60480,국일신동,2865
139,78130,국일제지,2530
140,307750,국전약품,7660
141,35080,그래디언트,13900
142,204020,그리티,2980
143,186230,그린플러스,11200
144,900070,글로벌에스엠,830
145,204620,글로벌텍스프리,2385
146,19660,글로본,2680
147,53260,금강철강,6610
148,36190,금화피에스시,28050
149,49080,기가레인,1225
150,35460,기산텔레콤,2410
151,308100,까스텔바작,7000
152,187790,나노,1225
153,286750,나노브릭,1380
154,121600,나노신소재,91800
155,247660,나노씨엠에스,20050
156,39860,나노엔텍,5240
157,91970,나노캠텍,1610
158,51490,나라엠앤디,6550
159,137080,나래나노텍,8500
160,190510,나무가,11600
161,242040,나무기술,1900
162,89600,나스미디어,30150
163,293580,나우IB,7870
164,138610,나이벡,20150
165,130580,나이스디앤비,7190
166,36800,나이스정보통신,26700
167,267320,나인테크,3340
168,111710,남화산업,6990
169,91590,남화토건,6600
170,168330,내츄럴엔도텍,3010
171,94860,네오리진,641
172,253590,네오셈,3245
173,212560,네오오토,6790
174,95660,네오위즈,36850
175,42420,네오위즈홀딩스,25650
176,950220,네오이뮨텍,4070
177,311390,네오크레마,8590
178,85910,네오티스,4715
179,92730,네오팜,17350
180,290660,네오펙트,1420
181,306620,네온테크,3600
182,153460,네이블,6890
183,7390,네이처셀,18450
184,33640,네패스,18200
185,330860,네패스아크,22200
186,89140,넥스턴바이오,2240
187,137940,넥스트아이,617
188,396270,넥스트칩,7320
189,348210,넥스틴,54200
190,225570,넥슨게임즈,14800
191,217270,넵튠,13100
192,104620,노랑풍선,5840
193,194700,노바렉스,12150
194,285490,노바텍,19450
195,106520,노블엠앤비,2795
196,376930,노을,5330
197,278650,노터스,5550
198,142280,녹십자엠에스,5420
199,234690,녹십자웰빙,6370
200,65560,녹원씨엔아이,5770
201,54050,농우바이오,8150
202,69140,누리플랜,4575
203,40160,누리플렉스,4835
204,332290,누보,1590
205,60260,뉴보텍,792
206,12340,뉴인텍,3070
207,214870,뉴지랩파마,9990
208,270870,뉴트리,8700
209,144960,뉴파워프라즈마,3425
210,85670,뉴프렉스,5160
211,119860,다나와,17150
212,64260,다날,5830
213,93640,다믈멀티미디어,4515
214,340360,다보링크,897
215,39560,다산네트웍스,4080
216,298870,다올인베스트먼트,2010
217,32190,다우데이타,16250
218,68240,다원시스,17050
219,20400,대동금속,9050
220,8830,대동기어,7110
221,48470,대동스틸,4500
222,4780,대륙제관,4315
223,17650,대림제지,8230
224,7720,대명소노시즌,694
225,389260,대명에너지,21950
226,317850,대모,10600
227,290670,대보마그네틱,59600
228,78140,대봉엘에스,7590
229,36480,대성미생물,10650
230,25440,대성엘텍,702
231,27830,대성창투,2680
232,104040,대성파인텍,1740
233,129920,대성하이텍,9280
234,387310,대신밸런스제10호스팩,2470
235,397500,대신밸런스제11호스팩,2110
236,426670,대신밸런스제12호스팩,2085
237,20180,대신정보통신,1340
238,45390,대아티아이,2880
239,108380,대양전기공업,12300
240,6580,대양제지,3260
241,7680,대원,7210
242,48910,대원미디어,12150
243,5710,대원산업,5590
244,290380,대유,3430
245,290120,대유에이피,6000
246,120240,대정화금,17750
247,3310,대주산업,2565
248,78600,대주전자재료,89700
249,96350,대창솔루션,244
250,140520,대창스틸,2990
251,131220,대한과학,6940
252,10170,대한광통신,2675
253,60900,대한그린파워,728
254,54670,대한뉴팜,8690
255,23910,대한약품,28200
256,21040,대호특수강,539
257,21045,대호특수강우,999
258,67080,대화제약,9770
259,298540,더네이쳐홀딩스,27350
260,393890,더블유씨피,51000
261,299170,더블유에스아이,2290
262,213420,덕산네오룩스,36350
263,317330,덕산테코피아,17200
264,77360,덕산하이메탈,5750
265,90410,덕신하우징,1645
266,263600,덕우전자,6720
267,194480,데브시스터즈,48300
268,263800,데이타솔루션,5240
269,206560,덱스터,9550
270,261200,덴티스,7320
271,67990,도이치모터스,6180
272,6620,동구바이오제약,5790
273,100130,동국S&C,5210
274,5160,동국산업,4815
275,75970,동국알앤에스,4270
276,86450,동국제약,16400
277,99410,동방선기,2810
278,33500,동성화인텍,11100
279,25950,동신건설,16100
280,88130,동아엘텍,6410
281,41930,동아화성,7700
282,60380,동양에스텍,2245
283,79960,동양이엔피,12650
284,228340,동양파일,3500
285,88910,동우팜투테이블,2720
286,94170,동운아나텍,10150
287,13120,동원개발,3540
288,109860,동일금속,25450
289,32960,동일기연,11150
290,23790,동일철강,2045
291,5290,동진쎄미켐,29150
292,25900,동화기업,67500
293,131970,두산테스나,25600
294,73190,듀오백,2145
295,30350,드래곤플라이,1045
296,203650,드림시큐리티,2755
297,223250,드림씨아이에스,10250
298,60570,드림어스컴퍼니,2665
299,217620,디딤,1245
300,16670,디모아,468
301,187870,디바이스이엔지,15500
302,66670,디스플레이텍,4940
303,110990,디아이티,5740
304,78590,디아크,2380
305,263690,디알젬,9690
306,214680,디알텍,1455
307,263720,디앤씨미디어,12800
308,376300,디어유,24950
309,141020,디에스앤엘,1335
310,109740,디에스케이,5720
311,196490,디에이테크놀로지,3520
312,66900,디에이피,2710
313,180400,디엑스앤브이엑스,7740
314,127120,디엔에이링크,3300
315,92070,디엔에프,13150
316,39840,디오,19700
317,219550,디와이디,977
318,310870,디와이씨,1450
319,104460,디와이피엔에프,40900
320,79810,디이엔티,9920
321,113810,디젠스,1000
322,43360,디지아이,3510
323,197140,디지캡,3460
324,68930,디지털대성,6520
325,33130,디지틀조선,2350
326,105740,디케이락,11950
327,263020,디케이앤디,3045
328,290550,디케이티,8900
329,187220,디티앤씨,4935
330,131180,딜리,1420
331,315640,딥노이드,5900
332,317120,라닉스,5740
333,42510,라온시큐어,2405
334,232680,라온테크,9710
335,300120,라온피플,4635
336,171120,라이온켐텍,9110
337,69540,라이트론,2960
338,347700,라이프시맨틱스,4210
339,214260,라파스,19100
340,200350,래몽래인,20500
341,171010,램테크놀러지,5520
342,84650,랩지노믹스,6910
343,217500,러셀,2955
344,141080,레고켐바이오,34850
345,60300,레드로버,36
346,38390,레드캡투어,18650
347,294140,레몬,3915
348,228670,레이,18650
349,228850,레이언스,9620
350,412350,레이저쎌,7460
351,281740,레이크머티리얼즈,5630
352,277810,레인보우로보틱스,29700
353,215100,로보로보,6210
354,90360,로보스타,17700
355,108490,로보티즈,23550
356,900260,로스웰,275
357,67730,로지시스,4415
358,71280,로체시스템즈,7230
359,328130,루닛,25400
360,38060,루멘스,1080
361,85370,루트로닉,18300
362,08537M,루트로닉3우C,25700
363,60240,룽투코리아,2900
364,58470,리노공업,136600
365,39980,리노스,930
366,19570,리더스 기술투자,531
367,16100,리더스코스메틱,2620
368,12700,리드코프,7640
369,302550,리메드,11950
370,377450,리파인,7190
371,277070,린드먼아시아,3630
372,42500,링네트,3960
373,219420,링크제니시스,5400
374,195500,마니커에프앤지,3175
375,305090,마이크로디지탈,3850
376,98120,마이크로컨텍솔,5410
377,147760,마이크로프랜드,4000
378,377480,마인즈랩,11350
379,38290,마크로젠,20550
380,267980,매일유업,47350
381,5990,매일홀딩스,8380
382,93520,매커스,6880
383,377030,맥스트,10900
384,100590,머큐리,5830
385,67280,멀티캠퍼스,35550
386,72870,메가스터디,10950
387,215200,메가스터디교육,82300
388,133750,메가엠디,2805
389,235980,메드팩토,23550
390,41920,메디아나,4700
391,14100,메디앙스,3025
392,54180,메디콕스,8690
393,86900,메디톡스,105200
394,78160,메디포스트,14850
395,65650,메디프론,1320
396,21880,메이슨캐피탈,377
397,140410,메지온,13350
398,241770,메카로,10550
399,59210,메타바이오메드,2180
400,58110,멕아이씨에스,4120
401,96640,멜파스,1495
402,257370,명성티엔에스,9210
403,80420,모다이노칩,3095
404,417970,모델솔루션,22350
405,80160,모두투어,15100
406,87260,모바일어플라이언스,3345
407,101330,모베이스,2940
408,12860,모베이스전자,1340
409,363260,모비데이즈,852
410,348030,모비릭스,12700
411,250060,모비스,1715
412,288980,모아데이타,2035
413,33200,모아텍,6000
414,333050,모코엠시스,1555
415,118990,모트렉스,15400
416,6920,모헨즈,3805
417,1810,무림SP,2610
418,279600,미디어젠,10800
419,95500,미래나노텍,15350
420,218150,미래생명자원,4920
421,353490,미래에셋대우스팩 5호,2030
422,100790,미래에셋벤처투자,4250
423,412930,미래에셋비전스팩1호,2020
424,49950,미래컴퍼니,21150
425,207760,미스터블루,4800
426,59090,미코,9070
427,214610,미코바이오메드,5920
428,201490,미투온,4630
429,950190,미투젠,14300
430,206640,바디텍메드,10600
431,18700,바른손,2415
432,35620,바른손이앤에이,824
433,64520,바른전자,5740
434,53030,바이넥스,11450
435,301300,바이브컴퍼니,17200
436,64550,바이오니아,27600
437,314930,바이오다인,18200
438,208710,바이오로그디바이스,1005
439,86820,바이오솔루션,11600
440,38460,바이오스마트,3320
441,251120,바이오에프디엔씨,17900
442,86040,바이오톡스텍,7280
443,99430,바이오플러스,28400
444,32980,바이온,886
445,222160,바이옵트로,4655
446,308080,바이젠셀,8130
447,43150,바텍,31100
448,323990,박셀바이오,37250
449,267790,배럴,5390
450,46310,백금T&A,2500
451,331520,밸로프,1310
452,66410,버킷스튜디오,1130
453,382900,범한퓨얼셀,28350
454,206400,베노홀딩스,3285
455,19010,베뉴지,2175
456,177350,베셀,5630
457,299910,베스파,3165
458,225530,보광산업,6000
459,250000,보라티알,11200
460,310210,보로노이,21200
461,6910,보성파워텍,4130
462,226340,본느,1380
463,14470,부방,1900
464,8470,부스타,5120
465,338220,뷰노,6140
466,100120,뷰웍스,31100
467,337930,브랜드엑스코퍼레이션,4700
468,99390,브레인즈컴퍼니,7370
469,64480,브리지텍,4040
470,288330,브릿지바이오테라퓨틱스,10500
471,365900,브이씨,6350
472,251630,브이원텍,6280
473,18290,브이티지엠피,5260
474,44480,블루베리 NFT,1295
475,33560,블루콤,4035
476,369370,블리츠웨이,2035
477,126340,비나텍,44000
478,121800,비덴트,3665
479,148140,비디아이,640
480,82800,비보존 헬스케어,781
481,318410,비비씨,9180
482,419540,비스토스,2530
483,146320,비씨엔씨,16200
484,200780,비씨월드제약,6900
485,141000,비아트론,8400
486,90460,비에이치,23450
487,83650,비에이치아이,5500
488,142760,비엘,4165
489,65170,비엘팜텍,778
490,86670,비엠티,13950
491,335890,비올,2290
492,138580,비즈니스온,7740
493,82920,비츠로셀,12400
494,54220,비츠로시스,1530
495,42370,비츠로테크,5730
496,50090,비케이홀딩스,479
497,307870,비투엔,1960
498,357880,비트나인,6650
499,32850,비트컴퓨터,5830
500,148780,비플라이소프트,933
501,238200,비피도,6240
502,93190,빅솔론,7930
503,65450,빅텍,6680
504,72950,빛샘전자,5910
505,143240,사람인에이치알,32950
506,419120,산돌,18000
507,100090,삼강엠앤티,20350
508,122350,삼기,4075
509,14970,삼륭물산,5520
510,18310,삼목에스폼,17600
511,53700,삼보모터스,5770
512,9620,삼보산업,1030
513,23600,삼보판지,9950
514,380320,삼성머스트스팩5호,3745
515,377630,삼성스팩4호,5910
516,425290,삼성스팩6호,3230
517,439250,삼성스팩7호,11750
518,9300,삼아제약,14600
519,225190,삼양옵틱스,10700
520,361670,삼영에스앤씨,7120
521,54540,삼영엠텍,3955
522,65570,삼영이엔씨,6460
523,32280,삼일,1960
524,2290,삼일기업공사,4065
525,37460,삼지전자,8240
526,32750,삼진,7100
527,54090,삼진엘앤디,2765
528,250,삼천당제약,32000
529,24950,삼천리자전거,6640
530,38500,삼표시멘트,3565
531,17480,삼현철강,4630
532,46390,삼화네트웍스,2435
533,27580,상보,1460
534,38540,상상인,6510
535,101000,상상인인더스트리,562
536,415580,상상인제3호스팩,1995
537,91580,상신이디피,16500
538,263810,상신전자,3130
539,89980,상아프론테크,25500
540,42940,상지카일룸,592
541,42600,새로닉스,18650
542,107600,새빗켐,119200
543,252990,샘씨엔에스,4040
544,378800,샤페론,7480
545,294630,서남,2280
546,38070,서린바이오,12500
547,6730,서부T&D,6780
548,79650,서산,1950
549,100660,서암기계공업,5890
550,19770,서연탑메탈,4430
551,43710,서울리거,927
552,92190,서울바이오시스,5450
553,46890,서울반도체,10650
554,63170,서울옥션,17600
555,27040,서울전자통신,580
556,18680,서울제약,4210
557,93920,서원인텍,5720
558,189860,서전기전,6210
559,178320,서진시스템,14750
560,122690,서진오토모티브,3200
561,140070,서플러스글로벌,2580
562,11370,서한,1025
563,65710,서호전기,18000
564,35890,서희건설,1140
565,357550,석경에이티,22950
566,3100,선광,112200
567,67370,선바이오,9610
568,171090,선익시스템,14000
569,86710,선진뷰티사이언스,5450
570,14620,성광벤드,13750
571,37350,성도이엔지,4790
572,81580,성우전자,2890
573,45300,성우테크론,4075
574,15750,성우하이텍,5270
575,365340,성일하이텍,128500
576,80470,성창오토텍,7090
577,43260,성호전자,1380
578,148150,세경하이테크,11650
579,53060,세동,1095
580,340440,세림B&G,2520
581,17510,세명전기,3030
582,11560,세보엠이씨,7450
583,396300,세아메카닉스,5220
584,100700,세운메디칼,2815
585,24830,세원물산,6280
586,258830,세종메디칼,3445
587,36630,세종텔레콤,677
588,39310,세중,2495
589,67770,세진티에스,3025
590,53450,세코닉스,5420
591,222810,세토피아,1295
592,252500,세화피앤씨,1060
593,347000,센코,12150
594,331920,셀레믹스,6500
595,49180,셀루메드,4440
596,299660,셀리드,15550
597,268600,셀리버리,12500
598,108860,셀바스AI,5300
599,208370,셀바스헬스케어,2035
600,68760,셀트리온제약,67700
601,91990,셀트리온헬스케어,69000
602,68940,셀피글로벌,1880
603,60230,소니드,3880
604,290690,소룩스,7350
605,950200,소마젠,6880
606,32680,소프트센,1525
607,32685,소프트센우,20900
608,258790,소프트캠프,1490
609,66910,손오공,1795
610,43100,솔고바이오,543
611,154040,솔루에타,2755
612,35610,솔본,3590
613,357780,솔브레인,204000
614,36830,솔브레인홀딩스,23300
615,304100,솔트룩스,6760
616,328380,솔트웨어,1600
617,86980,쇼박스,3315
618,50960,수산아이앤티,10900
619,253840,수젠텍,10550
620,236200,슈프리마,24500
621,317770,슈프리마아이디,14650
622,94840,슈프리마에이치큐,5320
623,192440,슈피겐코리아,33000
624,136510,스마트솔루션즈,11600
625,99440,스맥,1655
626,33790,스카이문스테크놀로지,829
627,276040,스코넥,10250
628,159910,스킨앤스킨,231
629,115570,스타플렉스,5490
630,330730,스톤브릿지벤처스,4545
631,253450,스튜디오드래곤,68500
632,204630,스튜디오산타클로스,7000
633,13810,스페코,5650
634,49830,승일,12250
635,20710,시공테크,4395
636,33170,시그네틱스,1200
637,48870,시너지이노베이션,3220
638,25320,시노펙스,2630
639,269620,시스웍,889
640,131090,시큐브,1070
641,139050,시티랩스,630
642,290520,신도기연,5040
643,1000,신라섬유,1880
644,25870,신라에스지,7960
645,215600,신라젠,10700
646,65350,신성델타테크,9920
647,2800,신신제약,5030
648,344050,신영스팩6호,2590
649,419270,신영스팩7호,2035
650,430220,신영스팩8호,2015
651,17000,신원종합개발,4550
652,12790,신일제약,8070
653,138070,신진에스엠,2885
654,226330,신테카바이오,8100
655,418210,신한제10호스팩,2020
656,366330,신한제7호스팩,2045
657,393360,신한제8호스팩,2015
658,405640,신한제9호스팩,2015
659,56700,신화인터텍,3060
660,187270,신화콘텍,5270
661,243840,신흥에스이씨,50700
662,257720,실리콘투,2215
663,222800,심텍,34300
664,36710,심텍홀딩스,3490
665,160980,싸이맥스,12250
666,356890,싸이버원,9100
667,217330,싸이토젠,19000
668,10280,쌍용정보통신,772
669,208640,썸에이지,829
670,222420,쎄노텍,1790
671,37760,쎄니트,1800
672,99320,쎄트렉아이,25500
673,49960,쎌바이오텍,11600
674,50890,쏠리드,4530
675,66790,씨씨에스,598
676,222080,씨아이에스,13100
677,352480,씨앤씨인터내셔널,23700
678,264660,씨앤지하이테크,11500
679,352700,씨앤투스성진,4850
680,297090,씨에스베어링,7330
681,359090,씨엔알리서치,1430
682,115530,씨엔플러스,548
683,115480,씨유메디칼,1155
684,376290,씨유테크,4245
685,189330,씨이랩,10200
686,96530,씨젠,30500
687,900120,씨케이에이치,215
688,101240,씨큐브,6700
689,60590,씨티씨바이오,6790
690,260930,씨티케이,5080
691,13990,아가방컴퍼니,3255
692,123860,아나패스,24650
693,25980,아난티,5440
694,58220,아리온,275
695,125210,아모그린텍,15050
696,357580,아모센스,12050
697,52710,아모텍,21950
698,74430,아미노로직스,1910
699,92040,아미코젠,19000
700,83930,아바코,16800
701,149950,아바텍,19500
702,36010,아비코전자,11000
703,50860,아세아텍,2620
704,136410,아셈스,11200
705,246720,아스타,3260
706,67390,아스트,4270
707,159010,아스플로,9400
708,127710,아시아경제,1585
709,154030,아시아종묘,3250
710,227610,아우딘퓨쳐스,2395
711,143160,아이디스,22500
712,54800,아이디스홀딩스,11050
713,332370,아이디피,4630
714,339950,아이비김영,1890
715,99190,아이센스,33750
716,289010,아이스크림에듀,4225
717,214430,아이쓰리시스템,16550
718,40910,아이씨디,8670
719,368600,아이씨에이치,20150
720,52860,아이앤씨,2620
721,69920,아이에스이커머스,7380
722,38880,아이에이,696
723,307180,아이엘사이언스,2845
724,101390,아이엠,6000
725,78860,아이오케이,470
726,90150,아이윈,1550
727,123010,아이윈플러스,510
728,31310,아이즈비전,2480
729,185490,아이진,6400
730,59100,아이컴포넌트,6330
731,262840,아이퀘스트,6780
732,175250,아이큐어,4000
733,52460,아이크래프트,2485
734,119830,아이텍,8060
735,52770,아이톡시,2085
736,124500,아이티센,3820
737,372800,아이티아이즈,8550
738,84850,아이티엠반도체,28650
739,114840,아이패밀리에스씨,9300
740,27360,아주IB투자,2565
741,32080,아즈텍WB,1940
742,13310,아진산업,2745
743,59120,아진엑스텍,8730
744,158430,아톤,25700
745,67160,아프리카TV,70900
746,1540,안국약품,8440
747,53800,안랩,62300
748,65660,안트로젠,15500
749,297570,알로이스,1470
750,260660,알리코제약,5200
751,361570,알비더블유,12500
752,131370,알서포트,4200
753,140670,알에스오토메이션,12350
754,96610,알에프세미,2235
755,61040,알에프텍,4440
756,148250,알엔투테크놀로지,9250
757,347860,알체라,10300
758,196170,알테오젠,36900
759,123750,알톤스포츠,3650
760,85810,알티캐스트,2075
761,117670,알파홀딩스,1055
762,314140,알피바이오,11600
763,291650,압타머사이언스,8820
764,293780,압타바이오,15050
765,196300,애니젠,7640
766,310200,애니플러스,2850
767,179530,애드바이오텍,3480
768,900100,애머릿지,2475
769,205500,액션스퀘어,3240
770,52790,액토즈소프트,6650
771,290740,액트로,6250
772,238090,앤디포스,5400
773,92600,앤씨앤,1730
774,129890,앱코,6910
775,174900,앱클론,16150
776,255440,야스,6950
777,30960,양지사,44550
778,102120,어보브반도체,10050
779,263540,어스앤에어로스페이스,10900
780,238120,얼라인드,7560
781,19990,에너토크,7760
782,270660,에브리봇,15100
783,38680,에스넷,4685
784,217480,에스디생명공학,1695
785,121890,에스디시스템,739
786,97780,에스맥,1755
787,389500,에스비비테크,24600
788,42110,에스씨디,1555
789,298060,에스씨엠생명과학,5510
790,65420,에스아이리소스,686
791,103230,에스앤더블류,2505
792,260970,에스앤디,17600
793,101490,에스앤에스텍,24400
794,95910,에스에너지,3640
795,275630,에스에스알,6590
796,31330,에스에이엠티,2645
797,60540,에스에이티,2095
798,351320,에스에이티이엔지,2625
799,56190,에스에프에이,38200
800,80000,에스엔유,2395
801,214310,에스엘바이오닉스,356
802,41510,에스엠,65100
803,7820,에스엠코어,5380
804,109610,에스와이,3105
805,306040,에스제이그룹,16100
806,408920,에스케이증권7호스팩,2185
807,435870,에스케이증권제8호스팩,2045
808,96630,에스코넥,875
809,69510,에스텍,7500
810,41910,에스텍파마,7310
811,234300,에스트래픽,3900
812,39440,에스티아이,13400
813,98660,에스티오,3700
814,52020,에스티큐브,21800
815,237690,에스티팜,75100
816,50760,에스폴리텍,2565
817,288620,에스퓨얼셀,20000
818,317830,에스피시스템스,8490
819,58610,에스피지,16700
820,43340,에쎈테크,864
821,187660,에이디엠코리아,2225
822,54630,에이디칩스,263
823,200710,에이디테크놀로지,16050
824,96690,에이루트,525
825,298380,에이비엘바이오,19700
826,203400,에이비온,6910
827,195990,에이비프로바이오,528
828,3800,에이스침대,34800
829,88800,에이스테크,5080
830,241840,에이스토리,20450
831,312610,에이에프더블류,4170
832,72990,에이치시티,7940
833,227100,에이치앤비디자인,4930
834,239610,에이치엘사이언스,18350
835,353070,에이치엠씨제4호스팩,2010
836,353060,에이치엠씨제5호스팩,2010
837,148930,에이치와이티씨,12950
838,44780,에이치케이,1760
839,357230,에이치피오,7760
840,71670,에이테크솔루션,9490
841,45660,에이텍,9240
842,224110,에이텍티앤,11400
843,230980,에이트원,975
844,21080,에이티넘인베스트,2750
845,89530,에이티세미콘,1630
846,200470,에이팩트,4680
847,262260,에이프로,16900
848,109960,에이프로젠 H&G,405
849,397030,에이프릴바이오,14200
850,89970,에이피티씨,13700
851,230240,에치에프알,30000
852,230360,에코마케팅,13850
853,38870,에코바이오,5270
854,128540,에코캡,4800
855,86520,에코프로,134600
856,247540,에코프로비엠,109700
857,383310,에코프로에이치엔,50200
858,38110,에코플라스틱,3140
859,73540,에프알텍,2810
860,64850,에프앤가이드,6150
861,64090,에프앤리퍼블릭,2170
862,36810,에프에스티,13300
863,173940,에프엔씨엔터,4670
864,83500,에프엔에스테크,7470
865,54940,엑사이엔씨,1375
866,43090,엑서지21,3605
867,950130,엑세스바이오,13400
868,205100,엑셈,3630
869,70300,엑스큐어,4070
870,92870,엑시콘,9130
871,317870,엔바이오니아,5190
872,67570,엔브이에이치코리아,3400
873,236810,엔비티,4325
874,333620,엔시스,12700
875,101400,엔시트론,619
876,217820,엔에스,8780
877,31860,엔에스엔,978
878,391060,엔에이치스팩20호,2010
879,396770,엔에이치스팩22호,2190
880,422040,엔에이치스팩23호,2015
881,437780,엔에이치스팩24호,2035
882,265740,엔에프씨,8020
883,354200,엔젠바이오,7980
884,208860,엔지스테크널러지,2205
885,183490,엔지켐생명과학,1860
886,182400,엔케이맥스,15200
887,348370,엔켐,73600
888,69410,엔텔스,5390
889,227950,엔투텍,719
890,291230,엔피,4645
891,198080,엔피디,2135
892,48830,엔피케이,1780
893,96870,엘디티,3900
894,376190,엘비루셈,7060
895,61970,엘비세미콘,8000
896,138690,엘아이에스,982
897,290650,엘앤씨바이오,25200
898,66970,엘앤에프,216000
899,156100,엘앤케이바이오,10050
900,73110,엘엠에스,6920
901,83310,엘오티베큠,10350
902,37950,엘컴텍,892
903,170920,엘티씨,9670
904,58630,엠게임,6410
905,58970,엠로,12850
906,19590,엠벤처투자,1265
907,169330,엠브레인,3100
908,179290,엠아이텍,12300
909,9780,엠에스씨,5410
910,123040,엠에스오토텍,3995
911,323230,엠에프엠코리아,783
912,33160,엠케이전자,10500
913,347890,엠투아이,8060
914,33310,엠투엔,5510
915,259630,엠플러스,13600
916,65150,엠피대산,402
917,50540,엠피씨플러스,822
918,115960,연우,12950
919,60850,영림원소프트랩,7980
920,7530,영신금속,2610
921,143540,영우디에스피,1460
922,112290,영창케미칼,11950
923,36560,영풍정밀,11500
924,265560,영화테크,10450
925,36000,예림당,1630
926,250930,예선테크,1290
927,53280,예스24,5360
928,122640,예스티,8200
929,900300,오가닉티코스메틱,244
930,45060,오공,3205
931,80520,오디텍,5210
932,39830,오로라,7790
933,322310,오로스테크놀로지,10500
934,46120,오르비텍,4670
935,14940,오리엔탈정공,2750
936,65500,오리엔트정공,1525
937,10470,오리콤,6960
938,352910,오비고,7900
939,53980,오상자이엘,4330
940,52420,오성첨단소재,2230
941,241790,오션브릿지,13350
942,39200,오스코텍,17300
943,226400,오스테오닉,2405
944,31510,오스템,1485
945,48260,오스템임플란트,104900
946,368970,오에스피,7150
947,138080,오이솔루션,15950
948,80580,오킨스전자,18050
949,67170,오텍,5600
950,353590,오토앤,11550
951,173130,오파스넷,7010
952,49480,오픈베이스,2500
953,394280,오픈엣지테크놀로지,8980
954,309930,오하임아이엔티,2445
955,244460,올리패스,5490
956,226950,올릭스,20300
957,57540,옴니시스템,1595
958,131030,옵투스제약,6170
959,82210,옵트론텍,3940
960,109080,옵티시스,10750
961,153710,옵티팜,8070
962,321820,와이더플래닛,5900
963,122990,와이솔,6340
964,232140,와이아이케이,3355
965,65530,와이어블,2295
966,67900,와이엔텍,8470
967,155650,와이엠씨,6100
968,273640,와이엠텍,17250
969,251370,와이엠티,14400
970,66430,와이오엠,1655
971,193250,와이제이엠게임즈,1350
972,273060,와이즈버즈,1365
973,19210,와이지-원,6080
974,122870,와이지엔터테인먼트,42250
975,332570,와이팜,3105
976,79000,와토스코리아,5660
977,32820,우리기술,1375
978,41190,우리기술투자,4675
979,115440,우리넷,8480
980,46970,우리로,1060
981,82850,우리바이오,3470
982,215360,우리산업,14300
983,72470,우리산업홀딩스,4615
984,73560,우리손에프앤지,1715
985,37400,우리엔터프라이즈,2360
986,153490,우리이앤엘,1175
987,101170,우림피티에스,6990
988,66590,우수AMS,2710
989,103840,우양,2765
990,46940,우원개발,3355
991,215380,우정바이오,3220
992,65680,우주일렉트로,16850
993,18620,우진비앤지,1710
994,307280,원바이오젠,1500
995,53080,원방테크,8880
996,32940,원익,3105
997,240810,원익IPS,26550
998,74600,원익QnC,24200
999,104830,원익머트리얼즈,28600
1000,14190,원익큐브,2015
1001,131390,원익피앤이,20000
1002,30530,원익홀딩스,3230
1003,12620,원일특강,9900
1004,382840,원준,20850
1005,336570,원텍,2720
1006,376980,원티드랩,13500
1007,8370,원풍,4775
1008,8290,원풍물산,571
1009,101160,월덱스,19150
1010,336060,웨이버스,1290
1011,95270,웨이브일렉트로,4475
1012,65950,웰크론,2925
1013,76080,웰크론한텍,4065
1014,196700,웹스,2490
1015,69080,웹젠,15200
1016,53580,웹케시,14800
1017,71460,위니아,1585
1018,377460,위니아에이드,6480
1019,44340,위닉스,9690
1020,330350,위더스제약,6730
1021,348350,위드텍,12850
1022,112040,위메이드,55700
1023,101730,위메이드맥스,19450
1024,123420,위메이드플레이,20900
1025,65370,위세아이텍,12050
1026,38620,위즈코프,839
1027,299900,위지윅스튜디오,16050
1028,36090,위지트,722
1029,136540,윈스,12000
1030,320000,윈텍,1890
1031,97800,윈팩,1315
1032,192390,윈하이텍,3900
1033,313760,윌링스,7750
1034,335870,윙스풋,4400
1035,900340,윙입푸드,970
1036,64510,유네코,2750
1037,36200,유니셈,6070
1038,18000,유니슨,1910
1039,203450,유니온커뮤니티,2850
1040,11320,유니크,5100
1041,86390,유니테스트,12900
1042,241690,유니테크노,4170
1043,142210,유니트론텍,3430
1044,48430,유라테크,6170
1045,206650,유바이오로직스,11100
1046,89850,유비벨록스,13550
1047,32620,유비케어,4960
1048,264450,유비쿼스,15500
1049,78070,유비쿼스홀딩스,13500
1050,24800,유성티엔에스,2360
1051,54930,유신,57500
1052,69330,유아이디,1595
1053,49520,유아이엘,2950
1054,435380,유안타제10호스팩,1995
1055,367460,유안타제7호스팩,3025
1056,367480,유안타제8호스팩,2085
1057,430700,유안타제9호스팩,2005
1058,263770,유에스티,3110
1059,388720,유일로보틱스,26600
1060,340930,유일에너테크,17950
1061,23410,유진기업,3425
1062,56080,유진로봇,4185
1063,373340,유진스팩6호,2235
1064,388800,유진스팩7호,2070
1065,413630,유진스팩8호,2010
1066,84370,유진테크,21200
1067,178780,유테크,1730
1068,179900,유티아이,20750
1069,263050,유틸렉스,7460
1070,191410,육일씨엔에쓰,2940
1071,72770,율호,1810
1072,39020,이건홀딩스,3755
1073,67920,이글루,5470
1074,44960,이글벳,5940
1075,303530,이노뎁,12150
1076,296640,이노룰스,13900
1077,302430,이노메트리,11350
1078,56090,이노시스,1340
1079,73490,이노와이어리스,28050
1080,215790,이노인스트루먼트,1215
1081,246960,이노테라피,9520
1082,88390,이녹스,20750
1083,272290,이녹스첨단소재,26900
1084,53350,이니텍,3320
1085,41520,이라이콤,5500
1086,264850,이랜시스,2695
1087,54210,이랜텍,12000
1088,164060,이루다,5060
1089,65440,이루온,2730
1090,115610,이미지스,2210
1091,349720,이베스트스팩5호,2025
1092,78020,이베스트투자증권,5050
1093,131400,이브이첨단소재,1640
1094,351330,이삭엔지니어링,8050
1095,80010,이상네트웍스,5590
1096,86890,이수앱지스,6030
1097,47560,이스트소프트,9780
1098,900110,이스트아시아홀딩스,188
1099,67010,이씨에스,3430
1100,101360,이엔드디,28450
1101,102710,이엔에프테크놀로지,22650
1102,66980,이엔코퍼레이션,2770
1103,63760,이엘피,3430
1104,123570,이엠넷,3780
1105,83470,이엠앤아이,3045
1106,95190,이엠코리아,2870
1107,91120,이엠텍,27450
1108,39030,이오테크닉스,64900
1109,294090,이오플로우,17400
1110,88290,이원컴포텍,9520
1111,181340,이즈미디어,2705
1112,353810,이지바이오,3870
1113,99750,이지케어텍,18450
1114,377330,이지트로닉스,12900
1115,35810,이지홀딩스,2940
1116,160600,이큐셀,3100
1117,92130,이크레더블,17100
1118,96040,이트론,159
1119,134060,이퓨쳐,6340
1120,1840,이화공영,4175
1121,24810,이화전기,735
1122,41830,인바디,20650
1123,352940,인바이오,4315
1124,79950,인베니아,1565
1125,277410,인산가,1845
1126,60150,인선이엔티,9100
1127,33230,인성정보,2010
1128,37330,인지디스플레,1675
1129,100030,인지소프트,17850
1130,211050,인카금융서비스,6790
1131,83640,인콘,1145
1132,216050,인크로스,15550
1133,49070,인탑스,27850
1134,119610,인터로조,24500
1135,17250,인터엠,1270
1136,51370,인터플렉스,10250
1137,64290,인텍플러스,13350
1138,189300,인텔리안테크,62100
1139,150840,인트로메딕,5850
1140,48530,인트론바이오,9150
1141,175140,인포마크,6500
1142,115310,인포바인,21400
1143,39290,인포뱅크,12100
1144,71200,인피니트헬스케어,4710
1145,101930,인화정공,12800
1146,333430,일승,4135
1147,68330,일신바이오,1695
1148,58450,일야,1075
1149,19540,일지테크,2370
1150,94820,일진파워,13200
1151,950140,잉글우드랩,4025
1152,49550,잉크테크,5020
1153,254120,자비스,1900
1154,43910,자연과환경,1070
1155,234920,자이글,4250
1156,289220,자이언트스텝,18250
1157,174880,장원테크,1000
1158,49630,재영솔루텍,581
1159,417840,저스템,10550
1160,110020,전진바이오팜,3840
1161,208140,정다운,2095
1162,40420,정상제이엘에스,7440
1163,45510,정원엔시스,1580
1164,217190,제너셈,5040
1165,95700,제넥신,22400
1166,72520,제넨바이오,1615
1167,122310,제노레이,7990
1168,361390,제노코,20450
1169,187420,제노포커스,6120
1170,225220,제놀루션,10300
1171,123330,제닉,3955
1172,159580,제로투세븐,6080
1173,147830,제룡산업,2905
1174,33100,제룡전기,9720
1175,79370,제우스,25100
1176,54950,제이브이엠,17150
1177,23440,제이스코홀딩스,2035
1178,90470,제이스텍,6760
1179,287410,제이시스메디칼,7110
1180,137950,제이씨케미칼,7790
1181,33320,제이씨현시스템,3585
1182,204270,제이앤티씨,4690
1183,26040,제이에스티나,2425
1184,126880,제이엔케이히터,5750
1185,322510,제이엘케이,3205
1186,33050,제이엠아이,1075
1187,94970,제이엠티,3295
1188,58420,제이웨이,2160
1189,89790,제이티,7070
1190,52670,제일바이오,1335
1191,199820,제일전기공업,9660
1192,38010,제일테크노스,7050
1193,276730,제주맥주,1530
1194,80220,제주반도체,3805
1195,216080,제테마,11400
1196,229000,젠큐릭스,6040
1197,82270,젬백스,12300
1198,64800,젬백스링크,1020
1199,44060,조광ILI,1420
1200,34940,조아제약,2220
1201,67000,조이시티,4335
1202,33340,좋은사람들,1055
1203,36930,주성엔지니어링,11500
1204,239340,줌인터넷,3450
1205,51980,중앙디앤엠,526
1206,72020,중앙백신,10500
1207,440,중앙에너비스,26400
1208,78650,지나인제약,2120
1209,228760,지노믹트리,9060
1210,314130,지놈앤컴퍼니,17150
1211,389030,지니너스,2530
1212,43610,지니뮤직,3805
1213,263860,지니언스,7380
1214,303030,지니틱스,1630
1215,36180,지더블유바이텍,619
1216,208350,지란지교시큐리티,3960
1217,144510,지씨셀,47100
1218,382480,지아이텍,4510
1219,382800,지앤비에스엔지니어링,10800
1220,51160,지어소프트,9700
1221,53050,지에스이,5130
1222,119850,지엔씨에너지,3510
1223,270520,지엔원에너지,2435
1224,65060,지엔코,418
1225,204840,지엘팜텍,737
1226,311320,지오엘리먼트,23050
1227,388050,지투파워,8390
1228,219750,지티지웰니스,1425
1229,18120,진로발효,21350
1230,109820,진매트릭스,4765
1231,86060,진바이오텍,3940
1232,36890,진성티이씨,10950
1233,363250,진시스템,5350
1234,7370,진양제약,6260
1235,85660,차바이오텍,13700
1236,261780,차백신연구소,5000
1237,158310,참존글로벌,138
1238,94850,참좋은여행,9010
1239,4650,창해에탄올,11350
1240,278280,천보,215200
1241,362320,청담글로벌,8220
1242,66360,체리부로,971
1243,47820,초록뱀미디어,10750
1244,131100,초록뱀이앤엠,2335
1245,52300,초록뱀컴퍼니,562
1246,94360,칩스앤미디어,15900
1247,16790,카나리아바이오,13650
1248,16920,카스,1705
1249,284620,카이노스메드,4040
1250,293490,카카오게임즈,39500
1251,42000,카페24,10300
1252,317530,캐리소프트,4765
1253,71850,캐스텍코리아,2040
1254,50110,캠시스,2095
1255,223310,커머스마이너,3320
1256,900310,컬러레이,805
1257,78340,컴투스,74300
1258,63080,컴투스홀딩스,45500
1259,307930,컴퍼니케이,4820
1260,79190,케스피온,1260
1261,263700,케어랩스,7000
1262,214370,케어젠,98000
1263,221980,케이디켐,12900
1264,342550,케이비제20호스팩,1995
1265,424140,케이비제21호스팩,2000
1266,436530,케이비제22호스팩,2000
1267,192250,케이사인,1460
1268,115500,케이씨에스,5000
1269,89150,케이씨티,3840
1270,25880,케이씨피드,2590
1271,93320,케이아이엔엑스,52800
1272,73010,케이에스피,1755
1273,105330,케이엔더블유,8610
1274,272110,케이엔제이,11300
1275,39420,케이엘넷,2630
1276,83550,케이엠,5550
1277,32500,케이엠더블유,23750
1278,225430,케이엠제약,1255
1279,102370,케이옥션,4975
1280,36030,케이티알파,5290
1281,64820,케이프,4890
1282,256940,케이피에스,5490
1283,24880,케이피에프,6230
1284,42040,케이피엠테크,385
1285,54410,케이피티유,5450
1286,258610,케일럼,3075
1287,274090,켄코아에어로스페이스,14050
1288,217600,켐온,2300
1289,89010,켐트로닉스,15750
1290,220260,켐트로스,8860
1291,52400,코나아이,15450
1292,402030,코난테크놀로지,22450
1293,391710,코닉오토메이션,4810
1294,46070,코다코,986
1295,47770,코데즈컴바인,1775
1296,78940,코드네이처,1195
1297,80530,코디,1400
1298,224060,코디엠,613
1299,104540,코렌텍,9110
1300,27050,코리아나,2855
1301,290510,코리아센터,5240
1302,190650,코리아에셋투자증권,7610
1303,123410,코리아에프티,2680
1304,36690,코맥스,3240
1305,49430,코메론,10100
1306,183300,코미코,46000
1307,41960,코미팜,7500
1308,89890,코세스,7860
1309,9730,코센,2715
1310,82660,코스나인,831
1311,222040,코스맥스엔비티,3915
1312,241710,코스메카코리아,6510
1313,69110,코스온,2630
1314,166480,코아스템,9340
1315,45970,코아시아,6220
1316,196450,코아시아옵틱스,1535
1317,29960,코엔텍,8030
1318,102940,코오롱생명과학,33600
1319,950160,코오롱티슈진,13400
1320,56000,코원플레이,2860
1321,33290,코웰패션,5150
1322,56360,코위버,6830
1323,282880,코윈테크,25300
1324,121850,코이즈,2120
1325,15710,코콤,4605
1326,52330,코텍,9270
1327,322780,코퍼스코리아,1840
1328,126600,코프라,4910
1329,200130,콜마비앤에이치,22450
1330,294570,쿠콘,27250
1331,317690,퀀타매트릭스,5360
1332,365270,큐라클,12400
1333,60280,큐렉소,7140
1334,40350,큐로컴,798
1335,51780,큐로홀딩스,422
1336,115180,큐리언트,11300
1337,182360,큐브엔터,17600
1338,405100,큐알티,38350
1339,66310,큐에스아이,9080
1340,16600,큐캐피탈,444
1341,96240,크레버스,20850
1342,43590,크로바하이텍,1290
1343,114120,크루셜텍,10850
1344,110790,크리스에프앤씨,19550
1345,900250,크리스탈신소재,792
1346,83790,크리스탈지노믹스,3595
1347,45520,크린앤사이언스,7020
1348,36170,클라우드에어,929
1349,214150,클래시스,15850
1350,352770,클리노믹스,5560
1351,237880,클리오,12700
1352,139670,키네마스터,9980
1353,413600,키움제6호스팩,2090
1354,433530,키움제7호스팩,2015
1355,54780,키이스트,5800
1356,219130,타이거일렉,19100
1357,360070,탑머티리얼,40400
1358,65130,탑엔지니어링,5090
1359,134580,탑코미디어,4485
1360,23160,태광,16250
1361,323280,태성,1460
1362,53620,태양,8020
1363,44490,태웅,10050
1364,124560,태웅로직스,5480
1365,191420,테고사이언스,16000
1366,73640,테라사이언스,1575
1367,66700,테라젠이텍스,3925
1368,95610,테스,16250
1369,89030,테크윙,5850
1370,54450,텔레칩스,12750
1371,91440,텔레필드,2075
1372,200230,텔콘RF제약,1040
1373,215480,토박스코리아,5130
1374,51360,토비스,8700
1375,45340,토탈소프트,4685
1376,108230,톱텍,6680
1377,79970,투비소프트,1100
1378,199800,툴젠,56000
1379,105550,트루윈,2415
1380,290090,트윔,13750
1381,26150,특수건설,8440
1382,322180,티라유텍,7060
1383,117730,티로보틱스,5980
1384,33830,티비씨,1100
1385,57680,티사이언티픽,2970
1386,64760,티씨케이,97800
1387,246710,티앤알바이오팹,12750
1388,340570,티앤엘,36200
1389,43220,티에스넥스젠,998
1390,277880,티에스아이,9050
1391,131290,티에스이,38000
1392,356860,티엘비,37600
1393,62860,티엘아이,5500
1394,321550,티움바이오,11550
1395,104480,티케이케미칼,3115
1396,81150,티플랙스,4300
1397,130740,티피씨글로벌,2990
1398,84730,팅크웨어,13850
1399,46210,파나진,3710
1400,58530,파나케이아,1620
1401,34230,파라다이스,14750
1402,33540,파라텍,907
1403,43200,파루,896
1404,214450,파마리서치,61300
1405,208340,파멥신,3390
1406,177830,파버나인,3715
1407,37070,파세코,12800
1408,150900,파수,9760
1409,37030,파워넷,3130
1410,47310,파워로직스,5600
1411,368770,파이버프로,2395
1412,170790,파이오링크,10750
1413,49120,파인디앤씨,1910
1414,38950,파인디지털,4550
1415,441270,파인엠텍,7110
1416,106240,파인테크닉스,2360
1417,131760,파인텍,1085
1418,65690,파커스,2285
1419,140860,파크시스템스,109100
1420,91700,파트론,8350
1421,32800,판타지오,508
1422,318010,팜스빌,16000
1423,27710,팜스토리,2030
1424,225590,패션플랫폼,1650
1425,54300,팬스타엔터프라이즈,647
1426,68050,팬엔터테인먼트,3180
1427,222110,팬젠,7490
1428,263750,펄어비스,44700
1429,251970,펌텍코리아,15400
1430,87010,펩트론,7990
1431,119500,포메탈,4015
1432,389140,포바이포,10300
1433,22100,포스코 ICT,5800
1434,9520,포스코엠텍,7270
1435,189690,포시에스,7680
1436,318020,포인트모바일,18100
1437,256630,포인트엔지니어링,1980
1438,331380,포커스에이치엔에스,1830
1439,234100,폴라리스세원,1965
1440,41020,폴라리스오피스,1155
1441,114630,폴라리스우노,889
1442,290720,푸드나무,19550
1443,5670,푸드웰,5540
1444,94940,푸른기술,6800
1445,7330,푸른저축은행,13600
1446,93380,풍강,3720
1447,23900,풍국주정,13050
1448,371950,풍원정밀,13600
1449,370090,퓨런티어,19400
1450,220100,퓨쳐켐,8800
1451,35200,프럼파스트,3535
1452,334970,프레스티지바이오로직스,3545
1453,203690,프로스테믹스,1155
1454,321260,프로이천,2385
1455,53610,프로텍,21500
1456,377220,프롬바이오,8200
1457,335810,프리시젼바이오,6220
1458,53160,프리엠스,6520
1459,405000,플라즈맵,6490
1460,41590,플래스크,1490
1461,367000,플래티어,9970
1462,75130,플랜티넷,2655
1463,237820,플레이디,4885
1464,23770,플레이위드,5630
1465,300080,플리토,36100
1466,32580,피델릭스,1315
1467,51380,피씨디렉트,8320
1468,241820,피씨엘,11000
1469,237750,피앤씨테크,5370
1470,24850,피에스엠씨,956
1471,319660,피에스케이,15100
1472,31980,피에스케이홀딩스,7000
1473,2230,피에스텍,3365
1474,57880,피에이치씨,1740
1475,43370,피에이치에이,6150
1476,239890,피엔에이치테크,14200
1477,347740,피엔케이피부임상연구센타,3130
1478,137400,피엔티,46550
1479,128660,피제이메탈,3680
1480,6140,피제이전자,6240
1481,376180,피코그램,47200
1482,304840,피플바이오,12050
1483,62970,피피아이,2630
1484,87600,픽셀플러스,9110
1485,291810,핀텔,8440
1486,161580,필옵틱스,7620
1487,347770,핌스,9540
1488,163730,핑거,9420
1489,341160,하나금융15호스팩,2520
1490,343510,하나금융16호스팩,2035
1491,388220,하나금융19호스팩,2210
1492,400560,하나금융20호스팩,2240
1493,406760,하나금융21호스팩,2010
1494,418170,하나금융22호스팩,2030
1495,427950,하나금융23호스팩,2015
1496,430230,하나금융24호스팩,2000
1497,435620,하나금융25호스팩,9640
1498,299030,하나기술,65500
1499,67310,하나마이크론,9310
1500,372290,하나머스트7호스팩,2040
1501,166090,하나머티리얼즈,30000
1502,136480,하림,2710
1503,3380,하림지주,7140
1504,101670,하이드로리튬,16050
1505,365590,하이딥,991
1506,149980,하이로닉,5670
1507,13030,하이록코리아,20850
1508,126700,하이비젼시스템,15550
1509,106080,하이소닉,5650
1510,377400,하이제6호스팩,2010
1511,400840,하이제7호스팩,2015
1512,221840,하이즈항공,3025
1513,106190,하이텍팜,9130
1514,373200,하인크코리아,5280
1515,66130,하츠,5270
1516,4590,한국가구,4390
1517,39340,한국경제TV,5400
1518,34950,한국기업평가,67500
1519,222980,한국맥널티,5340
1520,256840,한국비엔씨,4175
1521,25550,한국선재,3985
1522,17890,한국알콜,10950
1523,80720,한국유니온제약,6100
1524,63570,한국전자금융,4705
1525,41460,한국전자인증,4965
1526,101680,한국정밀기계,1440
1527,39740,한국정보공학,3670
1528,53300,한국정보인증,4705
1529,25770,한국정보통신,13350
1530,409570,한국제10호스팩,2045
1531,436610,한국제11호스팩,2010
1532,23760,한국캐피탈,725
1533,54040,한국컴퓨터,3735
1534,21650,한국큐빅,2515
1535,53590,한국테크놀로지,834
1536,32300,한국파마,23050
1537,37230,한국팩키지,2955
1538,30520,한글과컴퓨터,13300
1539,52600,한네트,5930
1540,256150,한독크린텍,8380
1541,92460,한라IMS,5020
1542,47080,한빛소프트,3910
1543,114810,한솔아이원스,6780
1544,70590,한솔인티큐브,1790
1545,226440,한송네오텍,1530
1546,42520,한스바이오메드,9290
1547,78350,한양디지텍,11400
1548,45100,한양이엔지,13550
1549,24740,한일단조,3135
1550,5860,한일사료,5860
1551,123840,한일진공,556
1552,7770,한일화학,20900
1553,79170,한창산업,10150
1554,54920,한컴위드,3455
1555,2680,한탑,1525
1556,386580,한화플러스제2호스팩,2110
1557,430460,한화플러스제3호스팩,2015
1558,34810,해성산업,10050
1559,03481K,해성산업1우,13250
1560,76610,해성옵틱스,483
1561,59270,해성티피씨,6880
1562,220180,핸디소프트,3275
1563,900270,헝셩그룹,306
1564,214180,헥토이노베이션,13200
1565,234340,헥토파이낸셜,23100
1566,84990,헬릭스미스,12600
1567,170030,현대공업,5930
1568,319400,현대무벡스,3405
1569,48410,현대바이오,21550
1570,52260,현대바이오랜드,12000
1571,41440,현대에버다임,8260
1572,39010,현대에이치티,7520
1573,90850,현대이지웰,5180
1574,92300,현우산업,4010
1575,138360,협진,4480
1576,11080,형지I&C,2555
1577,60560,홈센타홀딩스,1100
1578,64240,홈캐스트,4080
1579,39610,화성밸브,5400
1580,126640,화신정공,1575
1581,61250,화일약품,2290
1582,97870,효성오앤비,8010
1583,290270,휴네시온,4170
1584,353190,휴럼,1125
1585,192410,휴림네트웍스,924
1586,90710,휴림로봇,2135
1587,205470,휴마시스,19800
1588,115160,휴맥스,3600
1589,28080,휴맥스홀딩스,3270
1590,32860,휴먼엔,3640
1591,200670,휴메딕스,21000
1592,65510,휴비츠,10600
1593,215090,휴센텍,1505
1594,263920,휴엠앤씨,1095
1595,243070,휴온스,31100
1596,84110,휴온스글로벌,17950
1597,145020,휴젤,113000
1598,24060,흥구석유,6360
1599,10240,흥국,5370
1600,189980,흥국에프엔비,2440
1601,37440,희림,9370
1602,238490,힘스,5820
